{
  "accOn":"2020-01-21",
  "total_time":12739, 
  "total_distance":37035, 
  "speed_max":56.486, 
  "speed_avg":10.5,
  "num_courses":5, 
  "stops":19, 
  "total_stop_time":6324,
  "perc_fixed":1,
  "gps_count":230,
  "courses":[
     {
        "start_at":"2020-01-21T14:25:38Z",
        "end_at":"2020-01-21T15:23:24Z",
        "distance":9326,
        "speed_max":48.152,
        "stops":2,
        "total_stop_time":2401,
        "stop_points":{
           "type":"MultiPoint",
           "crs":{
              "type":"name",
              "properties":{
                 "name":"EPSG:4326"
              }
           },
           "coordinates":[
              [
                 -46.28054,
                 -23.963214,
                 1579616738,
                 null,
                 null
              ],
              [
                 -46.278857,
                 -23.91349,
                 1579618283,
                 null,
                 null
              ]
           ]
        },
        "gps_count":43,
        "duration":3466,
        "speed_avg":9.7,
        "gps":[
           {
              "longitude":-46.28054,
              "latitude":-23.963214,
              "acquisition_time_unix":1579616738,
              "speed":0,
              "direction":0,
              "acquisition_time":"2020-01-21T14:25:38Z",
              "address":"Rua Alvaro Leão Carmelo, Jardim Boa Esperança, Vicente de Carvalho, Guarujá, SP, 11460-006, Brasil"
           },
           {
              "longitude":-46.280544,
              "latitude":-23.96325,
              "acquisition_time_unix":1579616858,
              "speed":0,
              "direction":0,
              "acquisition_time":"2020-01-21T14:27:38Z"
           },
           {
              "longitude":-46.280536,
              "latitude":-23.96319,
              "acquisition_time_unix":1579616978,
              "speed":0,
              "direction":0,
              "acquisition_time":"2020-01-21T14:29:38Z"
           },
           {
              "longitude":-46.280566,
              "latitude":-23.963218,
              "acquisition_time_unix":1579617098,
              "speed":0,
              "direction":0,
              "acquisition_time":"2020-01-21T14:31:38Z"
           },
           {
              "longitude":-46.278824,
              "latitude":-23.962782,
              "acquisition_time_unix":1579617218,
              "speed":14.816,
              "direction":71.8,
              "acquisition_time":"2020-01-21T14:33:38Z"
           },
           {
              "longitude":-46.276578,
              "latitude":-23.962299,
              "acquisition_time_unix":1579617288,
              "speed":13.3344,
              "direction":155.8,
              "acquisition_time":"2020-01-21T14:34:48Z"
           },
           {
              "longitude":-46.276151,
              "latitude":-23.962701,
              "acquisition_time_unix":1579617343,
              "speed":14.4456,
              "direction":66.8,
              "acquisition_time":"2020-01-21T14:35:43Z"
           },
           {
              "longitude":-46.273192,
              "latitude":-23.96197,
              "acquisition_time_unix":1579617407,
              "speed":18.3348,
              "direction":116.9,
              "acquisition_time":"2020-01-21T14:36:47Z"
           },
           {
              "longitude":-46.273007,
              "latitude":-23.962278,
              "acquisition_time_unix":1579617413,
              "speed":27.2244,
              "direction":162.9,
              "acquisition_time":"2020-01-21T14:36:53Z"
           },
           {
              "longitude":-46.271715,
              "latitude":-23.967683,
              "acquisition_time_unix":1579617469,
              "speed":44.6332,
              "direction":208.1,
              "acquisition_time":"2020-01-21T14:37:49Z"
           },
           {
              "longitude":-46.272499,
              "latitude":-23.96945,
              "acquisition_time_unix":1579617488,
              "speed":40.9292,
              "direction":156.7,
              "acquisition_time":"2020-01-21T14:38:08Z"
           },
           {
              "longitude":-46.272075,
              "latitude":-23.969783,
              "acquisition_time_unix":1579617493,
              "speed":43.3368,
              "direction":106.7,
              "acquisition_time":"2020-01-21T14:38:13Z"
           },
           {
              "longitude":-46.26827,
              "latitude":-23.969396,
              "acquisition_time_unix":1579617531,
              "speed":42.596000000000004,
              "direction":156.3,
              "acquisition_time":"2020-01-21T14:38:51Z"
           },
           {
              "longitude":-46.26833,
              "latitude":-23.969987,
              "acquisition_time_unix":1579617537,
              "speed":40.00320000000001,
              "direction":210.1,
              "acquisition_time":"2020-01-21T14:38:57Z"
           },
           {
              "longitude":-46.268985,
              "latitude":-23.970339,
              "acquisition_time_unix":1579617544,
              "speed":42.9664,
              "direction":261.6,
              "acquisition_time":"2020-01-21T14:39:04Z"
           },
           {
              "longitude":-46.269761,
              "latitude":-23.970108,
              "acquisition_time_unix":1579617551,
              "speed":44.818400000000004,
              "direction":310.6,
              "acquisition_time":"2020-01-21T14:39:11Z"
           },
           {
              "longitude":-46.275067,
              "latitude":-23.956029,
              "acquisition_time_unix":1579617671,
              "speed":48.152,
              "direction":341.7,
              "acquisition_time":"2020-01-21T14:41:11Z"
           },
           {
              "longitude":-46.279812,
              "latitude":-23.942894,
              "acquisition_time_unix":1579617791,
              "speed":42.4108,
              "direction":341.3,
              "acquisition_time":"2020-01-21T14:43:11Z"
           },
           {
              "longitude":-46.284281,
              "latitude":-23.9299,
              "acquisition_time_unix":1579617911,
              "speed":47.226,
              "direction":343.3,
              "acquisition_time":"2020-01-21T14:45:11Z"
           },
           {
              "longitude":-46.288398,
              "latitude":-23.916852,
              "acquisition_time_unix":1579618031,
              "speed":43.1516,
              "direction":349.9,
              "acquisition_time":"2020-01-21T14:47:11Z"
           },
           {
              "longitude":-46.288417,
              "latitude":-23.91664,
              "acquisition_time_unix":1579618033,
              "speed":41.67,
              "direction":359.1,
              "acquisition_time":"2020-01-21T14:47:13Z"
           },
           {
              "longitude":-46.287455,
              "latitude":-23.914834,
              "acquisition_time_unix":1579618054,
              "speed":37.595600000000005,
              "direction":46.3,
              "acquisition_time":"2020-01-21T14:47:34Z"
           },
           {
              "longitude":-46.28177,
              "latitude":-23.913184,
              "acquisition_time_unix":1579618119,
              "speed":16.4828,
              "direction":94.7,
              "acquisition_time":"2020-01-21T14:48:39Z"
           },
           {
              "longitude":-46.281638,
              "latitude":-23.91327,
              "acquisition_time_unix":1579618123,
              "speed":14.6308,
              "direction":143.7,
              "acquisition_time":"2020-01-21T14:48:43Z"
           },
           {
              "longitude":-46.281013,
              "latitude":-23.914424,
              "acquisition_time_unix":1579618157,
              "speed":9.4452,
              "direction":81.9,
              "acquisition_time":"2020-01-21T14:49:17Z"
           },
           {
              "longitude":-46.280867,
              "latitude":-23.91432,
              "acquisition_time_unix":1579618163,
              "speed":12.2232,
              "direction":34.3,
              "acquisition_time":"2020-01-21T14:49:23Z"
           },
           {
              "longitude":-46.278857,
              "latitude":-23.91349,
              "acquisition_time_unix":1579618283,
              "speed":0,
              "direction":0,
              "acquisition_time":"2020-01-21T14:51:23Z"
           },
           {
              "longitude":-46.278849,
              "latitude":-23.9135,
              "acquisition_time_unix":1579618403,
              "speed":0,
              "direction":0,
              "acquisition_time":"2020-01-21T14:53:23Z"
           },
           {
              "longitude":-46.278848,
              "latitude":-23.913497,
              "acquisition_time_unix":1579618523,
              "speed":0,
              "direction":0,
              "acquisition_time":"2020-01-21T14:55:23Z"
           },
           {
              "longitude":-46.278836,
              "latitude":-23.913488,
              "acquisition_time_unix":1579618643,
              "speed":0,
              "direction":0,
              "acquisition_time":"2020-01-21T14:57:23Z"
           },
           {
              "longitude":-46.278843,
              "latitude":-23.913478,
              "acquisition_time_unix":1579618764,
              "speed":0,
              "direction":0,
              "acquisition_time":"2020-01-21T14:59:24Z"
           },
           {
              "longitude":-46.278582,
              "latitude":-23.913452,
              "acquisition_time_unix":1579618884,
              "speed":0,
              "direction":0,
              "acquisition_time":"2020-01-21T15:01:24Z"
           },
           {
              "longitude":-46.278654,
              "latitude":-23.913488,
              "acquisition_time_unix":1579619004,
              "speed":0,
              "direction":0,
              "acquisition_time":"2020-01-21T15:03:24Z"
           },
           {
              "longitude":-46.278691,
              "latitude":-23.913492,
              "acquisition_time_unix":1579619124,
              "speed":0,
              "direction":0,
              "acquisition_time":"2020-01-21T15:05:24Z"
           },
           {
              "longitude":-46.278697,
              "latitude":-23.913491,
              "acquisition_time_unix":1579619244,
              "speed":0,
              "direction":0,
              "acquisition_time":"2020-01-21T15:07:24Z"
           },
           {
              "longitude":-46.27867,
              "latitude":-23.913502,
              "acquisition_time_unix":1579619364,
              "speed":0,
              "direction":0,
              "acquisition_time":"2020-01-21T15:09:24Z"
           },
           {
              "longitude":-46.278706,
              "latitude":-23.913457,
              "acquisition_time_unix":1579619484,
              "speed":0,
              "direction":0,
              "acquisition_time":"2020-01-21T15:11:24Z"
           },
           {
              "longitude":-46.278714,
              "latitude":-23.913509,
              "acquisition_time_unix":1579619604,
              "speed":0,
              "direction":0,
              "acquisition_time":"2020-01-21T15:13:24Z"
           },
           {
              "longitude":-46.278682,
              "latitude":-23.913505,
              "acquisition_time_unix":1579619724,
              "speed":0,
              "direction":0,
              "acquisition_time":"2020-01-21T15:15:24Z"
           },
           {
              "longitude":-46.278645,
              "latitude":-23.913515,
              "acquisition_time_unix":1579619844,
              "speed":0,
              "direction":0,
              "acquisition_time":"2020-01-21T15:17:24Z"
           },
           {
              "longitude":-46.278662,
              "latitude":-23.913506,
              "acquisition_time_unix":1579619964,
              "speed":0,
              "direction":0,
              "acquisition_time":"2020-01-21T15:19:24Z"
           },
           {
              "longitude":-46.278711,
              "latitude":-23.913525,
              "acquisition_time_unix":1579620084,
              "speed":0,
              "direction":0,
              "acquisition_time":"2020-01-21T15:21:24Z"
           },
           {
              "longitude":-46.278736,
              "latitude":-23.913536,
              "acquisition_time_unix":1579620204,
              "speed":0,
              "direction":0,
              "acquisition_time":"2020-01-21T15:23:24Z",
              "address":"Rodovia Manoel Hipólito do Rego, Monte Cabrão, Santos, Santos, SP, 11450170, Brasil"
           }
        ]
     },
     {
        "start_at":"2020-01-21T19:03:10Z",
        "end_at":"2020-01-21T19:30:56Z",
        "distance":7618,
        "speed_max":56.486000000000004,
        "stops":2,
        "total_stop_time":631,
        "stop_points":{
           "type":"MultiPoint",
           "crs":{
              "type":"name",
              "properties":{
                 "name":"EPSG:4326"
              }
           },
           "coordinates":[
              [
                 -46.278702,
                 -23.913509,
                 1579633390,
                 null,
                 null
              ],
              [
                 -46.282696,
                 -23.964436,
                 1579634898,
                 null,
                 null
              ]
           ]
        },
        "gps_count":17,
        "duration":1666,
        "speed_avg":16.5,
        "gps":[
           {
              "longitude":-46.278702,
              "latitude":-23.913509,
              "acquisition_time_unix":1579633390,
              "speed":0,
              "direction":0,
              "acquisition_time":"2020-01-21T19:03:10Z",
              "address":"Rodovia Manoel Hipólito do Rego, Monte Cabrão, Santos, Santos, SP, 11450170, Brasil"
           },
           {
              "longitude":-46.27873,
              "latitude":-23.913522,
              "acquisition_time_unix":1579633510,
              "speed":0,
              "direction":0,
              "acquisition_time":"2020-01-21T19:05:10Z"
           },
           {
              "longitude":-46.278746,
              "latitude":-23.913492,
              "acquisition_time_unix":1579633630,
              "speed":0,
              "direction":0,
              "acquisition_time":"2020-01-21T19:07:10Z"
           },
           {
              "longitude":-46.278763,
              "latitude":-23.91349,
              "acquisition_time_unix":1579633750,
              "speed":0,
              "direction":0,
              "acquisition_time":"2020-01-21T19:09:10Z"
           },
           {
              "longitude":-46.278747,
              "latitude":-23.913526,
              "acquisition_time_unix":1579633870,
              "speed":0,
              "direction":0,
              "acquisition_time":"2020-01-21T19:11:10Z"
           },
           {
              "longitude":-46.280715,
              "latitude":-23.914205,
              "acquisition_time_unix":1579633990,
              "speed":13.89,
              "direction":231.3,
              "acquisition_time":"2020-01-21T19:13:10Z"
           },
           {
              "longitude":-46.28731,
              "latitude":-23.91782,
              "acquisition_time_unix":1579634110,
              "speed":25.1872,
              "direction":240,
              "acquisition_time":"2020-01-21T19:15:10Z"
           },
           {
              "longitude":-46.287711,
              "latitude":-23.919971,
              "acquisition_time_unix":1579634180,
              "speed":17.408800000000003,
              "direction":315.4,
              "acquisition_time":"2020-01-21T19:16:20Z"
           },
           {
              "longitude":-46.287701,
              "latitude":-23.919574,
              "acquisition_time_unix":1579634300,
              "speed":32.7804,
              "direction":162,
              "acquisition_time":"2020-01-21T19:18:20Z"
           },
           {
              "longitude":-46.283121,
              "latitude":-23.933703,
              "acquisition_time_unix":1579634421,
              "speed":56.486000000000004,
              "direction":162.5,
              "acquisition_time":"2020-01-21T19:20:21Z"
           },
           {
              "longitude":-46.27754,
              "latitude":-23.949612,
              "acquisition_time_unix":1579634541,
              "speed":54.4488,
              "direction":161.9,
              "acquisition_time":"2020-01-21T19:22:21Z"
           },
           {
              "longitude":-46.273333,
              "latitude":-23.961842,
              "acquisition_time_unix":1579634658,
              "speed":13.1492,
              "direction":226.5,
              "acquisition_time":"2020-01-21T19:24:18Z"
           },
           {
              "longitude":-46.277786,
              "latitude":-23.963107,
              "acquisition_time_unix":1579634778,
              "speed":27.594800000000003,
              "direction":251.9,
              "acquisition_time":"2020-01-21T19:26:18Z"
           },
           {
              "longitude":-46.282696,
              "latitude":-23.964436,
              "acquisition_time_unix":1579634898,
              "speed":0,
              "direction":0,
              "acquisition_time":"2020-01-21T19:28:18Z"
           },
           {
              "longitude":-46.283155,
              "latitude":-23.964551,
              "acquisition_time_unix":1579634929,
              "speed":9.26,
              "direction":276.6,
              "acquisition_time":"2020-01-21T19:28:49Z"
           },
           {
              "longitude":-46.283236,
              "latitude":-23.964449,
              "acquisition_time_unix":1579634936,
              "speed":11.112,
              "direction":331,
              "acquisition_time":"2020-01-21T19:28:56Z"
           },
           {
              "longitude":-46.280632,
              "latitude":-23.963248,
              "acquisition_time_unix":1579635056,
              "speed":7.7784,
              "direction":73.9,
              "acquisition_time":"2020-01-21T19:30:56Z",
              "address":"Rua Alvaro Leão Carmelo, Jardim Boa Esperança, Vicente de Carvalho, Guarujá, SP, 11460-006, Brasil"
           }
        ]
     },
     {
        "start_at":"2020-01-21T23:50:56Z",
        "end_at":"2020-01-21T23:57:08Z",
        "distance":490,
        "speed_max":15.0012,
        "stops":2,
        "total_stop_time":252,
        "stop_points":{
           "type":"MultiPoint",
           "crs":{
              "type":"name",
              "properties":{
                 "name":"EPSG:4326"
              }
           },
           "coordinates":[
              [
                 -46.280566,
                 -23.963217,
                 1579650656,
                 null,
                 null
              ],
              [
                 -46.282903,
                 -23.964515,
                 1579651028,
                 null,
                 null
              ]
           ]
        },
        "gps_count":5,
        "duration":372,
        "speed_avg":4.7,
        "gps":[
           {
              "longitude":-46.280566,
              "latitude":-23.963217,
              "acquisition_time_unix":1579650656,
              "speed":0,
              "direction":0,
              "acquisition_time":"2020-01-21T23:50:56Z",
              "address":"Rua Alvaro Leão Carmelo, Jardim Boa Esperança, Vicente de Carvalho, Guarujá, SP, 11460-006, Brasil"
           },
           {
              "longitude":-46.28056,
              "latitude":-23.963229,
              "acquisition_time_unix":1579650776,
              "speed":0,
              "direction":0,
              "acquisition_time":"2020-01-21T23:52:56Z"
           },
           {
              "longitude":-46.279144,
              "latitude":-23.963406,
              "acquisition_time_unix":1579650896,
              "speed":0,
              "direction":0,
              "acquisition_time":"2020-01-21T23:54:56Z"
           },
           {
              "longitude":-46.27931,
              "latitude":-23.963543,
              "acquisition_time_unix":1579650908,
              "speed":15.0012,
              "direction":259.9,
              "acquisition_time":"2020-01-21T23:55:08Z"
           },
           {
              "longitude":-46.282903,
              "latitude":-23.964515,
              "acquisition_time_unix":1579651028,
              "speed":0,
              "direction":0,
              "acquisition_time":"2020-01-21T23:57:08Z",
              "address":"Rua Antonio Eduardo Pirani, Jardim Alvorada, Vicente de Carvalho, Guarujá, SP, 11460-006, Brasil"
           }
        ]
     },
     {
        "start_at":"2020-01-21T23:57:58Z",
        "end_at":"2020-01-22T00:50:47Z",
        "distance":8851,
        "speed_max":46.1148,
        "stops":7,
        "total_stop_time":1261,
        "stop_points":{
           "type":"MultiPoint",
           "crs":{
              "type":"name",
              "properties":{
                 "name":"EPSG:4326"
              }
           },
           "coordinates":[
              [
                 -46.282916,
                 -23.964503,
                 1579651078,
                 null,
                 null
              ],
              [
                 -46.288763,
                 -23.958743,
                 1579651336,
                 null,
                 null
              ],
              [
                 -46.289952,
                 -23.962316,
                 1579652609,
                 null,
                 null
              ],
              [
                 -46.289235,
                 -23.963179,
                 1579652903,
                 null,
                 null
              ],
              [
                 -46.288908,
                 -23.96292,
                 1579653255,
                 null,
                 null
              ],
              [
                 -46.28325,
                 -23.964788,
                 1579653554,
                 null,
                 null
              ],
              [
                 -46.265922,
                 -23.973034,
                 1579654247,
                 null,
                 null
              ]
           ]
        },
        "gps_count":54,
        "duration":3169,
        "speed_avg":10.1,
        "gps":[
           {
              "longitude":-46.282916,
              "latitude":-23.964503,
              "acquisition_time_unix":1579651078,
              "speed":0,
              "direction":0,
              "acquisition_time":"2020-01-21T23:57:58Z",
              "address":"Rua Antonio Eduardo Pirani, Jardim Alvorada, Vicente de Carvalho, Guarujá, SP, 11460-006, Brasil"
           },
           {
              "longitude":-46.283366,
              "latitude":-23.964536,
              "acquisition_time_unix":1579651100,
              "speed":15.742,
              "direction":307.3,
              "acquisition_time":"2020-01-21T23:58:20Z"
           },
           {
              "longitude":-46.285136,
              "latitude":-23.96329,
              "acquisition_time_unix":1579651143,
              "speed":22.5944,
              "direction":261.5,
              "acquisition_time":"2020-01-21T23:59:03Z"
           },
           {
              "longitude":-46.287312,
              "latitude":-23.963578,
              "acquisition_time_unix":1579651171,
              "speed":27.9652,
              "direction":317.3,
              "acquisition_time":"2020-01-21T23:59:31Z"
           },
           {
              "longitude":-46.287378,
              "latitude":-23.963309,
              "acquisition_time_unix":1579651175,
              "speed":29.632,
              "direction":9.5,
              "acquisition_time":"2020-01-21T23:59:35Z"
           },
           {
              "longitude":-46.287069,
              "latitude":-23.962975,
              "acquisition_time_unix":1579651181,
              "speed":29.0764,
              "direction":60.3,
              "acquisition_time":"2020-01-21T23:59:41Z"
           },
           {
              "longitude":-46.285822,
              "latitude":-23.962151,
              "acquisition_time_unix":1579651208,
              "speed":13.3344,
              "direction":13.2,
              "acquisition_time":"2020-01-22T00:00:08Z"
           },
           {
              "longitude":-46.285955,
              "latitude":-23.961852,
              "acquisition_time_unix":1579651216,
              "speed":15.742,
              "direction":326.4,
              "acquisition_time":"2020-01-22T00:00:16Z"
           },
           {
              "longitude":-46.288763,
              "latitude":-23.958743,
              "acquisition_time_unix":1579651336,
              "speed":0,
              "direction":0,
              "acquisition_time":"2020-01-22T00:02:16Z"
           },
           {
              "longitude":-46.28876,
              "latitude":-23.958758,
              "acquisition_time_unix":1579651456,
              "speed":0,
              "direction":0,
              "acquisition_time":"2020-01-22T00:04:16Z"
           },
           {
              "longitude":-46.288933,
              "latitude":-23.958525,
              "acquisition_time_unix":1579651576,
              "speed":0,
              "direction":0,
              "acquisition_time":"2020-01-22T00:06:16Z"
           },
           {
              "longitude":-46.289049,
              "latitude":-23.958393,
              "acquisition_time_unix":1579651696,
              "speed":0,
              "direction":0,
              "acquisition_time":"2020-01-22T00:08:16Z"
           },
           {
              "longitude":-46.289046,
              "latitude":-23.958397,
              "acquisition_time_unix":1579651816,
              "speed":0,
              "direction":0,
              "acquisition_time":"2020-01-22T00:10:16Z"
           },
           {
              "longitude":-46.289343,
              "latitude":-23.958075,
              "acquisition_time_unix":1579651936,
              "speed":0,
              "direction":0,
              "acquisition_time":"2020-01-22T00:12:16Z"
           },
           {
              "longitude":-46.289387,
              "latitude":-23.957854,
              "acquisition_time_unix":1579652056,
              "speed":0,
              "direction":0,
              "acquisition_time":"2020-01-22T00:14:16Z"
           },
           {
              "longitude":-46.289656,
              "latitude":-23.957629,
              "acquisition_time_unix":1579652176,
              "speed":20.1868,
              "direction":325.3,
              "acquisition_time":"2020-01-22T00:16:16Z"
           },
           {
              "longitude":-46.290595,
              "latitude":-23.956756,
              "acquisition_time_unix":1579652196,
              "speed":25.3724,
              "direction":280.4,
              "acquisition_time":"2020-01-22T00:16:36Z"
           },
           {
              "longitude":-46.290989,
              "latitude":-23.956863,
              "acquisition_time_unix":1579652203,
              "speed":22.409200000000002,
              "direction":229.9,
              "acquisition_time":"2020-01-22T00:16:43Z"
           },
           {
              "longitude":-46.292113,
              "latitude":-23.957713,
              "acquisition_time_unix":1579652278,
              "speed":21.853600000000004,
              "direction":285.9,
              "acquisition_time":"2020-01-22T00:17:58Z"
           },
           {
              "longitude":-46.2928,
              "latitude":-23.957272,
              "acquisition_time_unix":1579652291,
              "speed":23.3352,
              "direction":239.7,
              "acquisition_time":"2020-01-22T00:18:11Z"
           },
           {
              "longitude":-46.29423,
              "latitude":-23.95858,
              "acquisition_time_unix":1579652328,
              "speed":12.038,
              "direction":175.9,
              "acquisition_time":"2020-01-22T00:18:48Z"
           },
           {
              "longitude":-46.292807,
              "latitude":-23.959902,
              "acquisition_time_unix":1579652385,
              "speed":17.594,
              "direction":177.8,
              "acquisition_time":"2020-01-22T00:19:45Z"
           },
           {
              "longitude":-46.293486,
              "latitude":-23.960598,
              "acquisition_time_unix":1579652416,
              "speed":13.1492,
              "direction":169.8,
              "acquisition_time":"2020-01-22T00:20:16Z"
           },
           {
              "longitude":-46.291638,
              "latitude":-23.962303,
              "acquisition_time_unix":1579652457,
              "speed":16.4828,
              "direction":111.9,
              "acquisition_time":"2020-01-22T00:20:57Z"
           },
           {
              "longitude":-46.290734,
              "latitude":-23.961737,
              "acquisition_time_unix":1579652489,
              "speed":16.4828,
              "direction":110.8,
              "acquisition_time":"2020-01-22T00:21:29Z"
           },
           {
              "longitude":-46.289952,
              "latitude":-23.962316,
              "acquisition_time_unix":1579652609,
              "speed":0,
              "direction":0,
              "acquisition_time":"2020-01-22T00:23:29Z"
           },
           {
              "longitude":-46.289252,
              "latitude":-23.963149,
              "acquisition_time_unix":1579652729,
              "speed":7.9636000000000005,
              "direction":150.9,
              "acquisition_time":"2020-01-22T00:25:29Z"
           },
           {
              "longitude":-46.289255,
              "latitude":-23.963509,
              "acquisition_time_unix":1579652769,
              "speed":10.5564,
              "direction":160.8,
              "acquisition_time":"2020-01-22T00:26:09Z"
           },
           {
              "longitude":-46.289131,
              "latitude":-23.963573,
              "acquisition_time_unix":1579652773,
              "speed":10.000800000000002,
              "direction":86.2,
              "acquisition_time":"2020-01-22T00:26:13Z"
           },
           {
              "longitude":-46.28904,
              "latitude":-23.963489,
              "acquisition_time_unix":1579652779,
              "speed":10.3712,
              "direction":37.6,
              "acquisition_time":"2020-01-22T00:26:19Z"
           },
           {
              "longitude":-46.28905,
              "latitude":-23.963397,
              "acquisition_time_unix":1579652783,
              "speed":11.4824,
              "direction":336,
              "acquisition_time":"2020-01-22T00:26:23Z"
           },
           {
              "longitude":-46.289235,
              "latitude":-23.963179,
              "acquisition_time_unix":1579652903,
              "speed":0,
              "direction":0,
              "acquisition_time":"2020-01-22T00:28:23Z"
           },
           {
              "longitude":-46.29093,
              "latitude":-23.961554,
              "acquisition_time_unix":1579653015,
              "speed":19.816399999999998,
              "direction":283.3,
              "acquisition_time":"2020-01-22T00:30:15Z"
           },
           {
              "longitude":-46.291359,
              "latitude":-23.961419,
              "acquisition_time_unix":1579653025,
              "speed":18.8904,
              "direction":329.1,
              "acquisition_time":"2020-01-22T00:30:25Z"
           },
           {
              "longitude":-46.29159,
              "latitude":-23.961233,
              "acquisition_time_unix":1579653033,
              "speed":14.2604,
              "direction":281.4,
              "acquisition_time":"2020-01-22T00:30:33Z"
           },
           {
              "longitude":-46.291625,
              "latitude":-23.961335,
              "acquisition_time_unix":1579653037,
              "speed":13.89,
              "direction":155.3,
              "acquisition_time":"2020-01-22T00:30:37Z"
           },
           {
              "longitude":-46.290641,
              "latitude":-23.961536,
              "acquisition_time_unix":1579653130,
              "speed":17.0384,
              "direction":66.8,
              "acquisition_time":"2020-01-22T00:32:10Z"
           },
           {
              "longitude":-46.290454,
              "latitude":-23.961553,
              "acquisition_time_unix":1579653135,
              "speed":20.372,
              "direction":121.3,
              "acquisition_time":"2020-01-22T00:32:15Z"
           },
           {
              "longitude":-46.288908,
              "latitude":-23.96292,
              "acquisition_time_unix":1579653255,
              "speed":0,
              "direction":0,
              "acquisition_time":"2020-01-22T00:34:15Z"
           },
           {
              "longitude":-46.287697,
              "latitude":-23.963478,
              "acquisition_time_unix":1579653375,
              "speed":24.631600000000002,
              "direction":131.3,
              "acquisition_time":"2020-01-22T00:36:15Z"
           },
           {
              "longitude":-46.286827,
              "latitude":-23.963849,
              "acquisition_time_unix":1579653389,
              "speed":31.854400000000002,
              "direction":71.5,
              "acquisition_time":"2020-01-22T00:36:29Z"
           },
           {
              "longitude":-46.284416,
              "latitude":-23.963515,
              "acquisition_time_unix":1579653434,
              "speed":19.6312,
              "direction":118.3,
              "acquisition_time":"2020-01-22T00:37:14Z"
           },
           {
              "longitude":-46.28325,
              "latitude":-23.964788,
              "acquisition_time_unix":1579653554,
              "speed":0,
              "direction":0,
              "acquisition_time":"2020-01-22T00:39:14Z"
           },
           {
              "longitude":-46.283055,
              "latitude":-23.964871,
              "acquisition_time_unix":1579653601,
              "speed":14.2604,
              "direction":69.9,
              "acquisition_time":"2020-01-22T00:40:01Z"
           },
           {
              "longitude":-46.274436,
              "latitude":-23.962246,
              "acquisition_time_unix":1579653721,
              "speed":19.446,
              "direction":74.2,
              "acquisition_time":"2020-01-22T00:42:01Z"
           },
           {
              "longitude":-46.27317,
              "latitude":-23.961996,
              "acquisition_time_unix":1579653744,
              "speed":22.224,
              "direction":128.2,
              "acquisition_time":"2020-01-22T00:42:24Z"
           },
           {
              "longitude":-46.268566,
              "latitude":-23.974511,
              "acquisition_time_unix":1579653864,
              "speed":46.1148,
              "direction":161.5,
              "acquisition_time":"2020-01-22T00:44:24Z"
           },
           {
              "longitude":-46.264389,
              "latitude":-23.984668,
              "acquisition_time_unix":1579653982,
              "speed":22.9648,
              "direction":77,
              "acquisition_time":"2020-01-22T00:46:22Z"
           },
           {
              "longitude":-46.264141,
              "latitude":-23.984477,
              "acquisition_time_unix":1579653987,
              "speed":24.4464,
              "direction":30.9,
              "acquisition_time":"2020-01-22T00:46:27Z"
           },
           {
              "longitude":-46.264126,
              "latitude":-23.984142,
              "acquisition_time_unix":1579653993,
              "speed":30.372799999999998,
              "direction":340.8,
              "acquisition_time":"2020-01-22T00:46:33Z"
           },
           {
              "longitude":-46.268687,
              "latitude":-23.973562,
              "acquisition_time_unix":1579654113,
              "speed":17.0384,
              "direction":354.1,
              "acquisition_time":"2020-01-22T00:48:33Z"
           },
           {
              "longitude":-46.268648,
              "latitude":-23.973333,
              "acquisition_time_unix":1579654118,
              "speed":14.816,
              "direction":28.2,
              "acquisition_time":"2020-01-22T00:48:38Z"
           },
           {
              "longitude":-46.26846,
              "latitude":-23.973251,
              "acquisition_time_unix":1579654126,
              "speed":9.630400000000002,
              "direction":96.6,
              "acquisition_time":"2020-01-22T00:48:46Z"
           },
           {
              "longitude":-46.265922,
              "latitude":-23.973034,
              "acquisition_time_unix":1579654247,
              "speed":0,
              "direction":0,
              "acquisition_time":"2020-01-22T00:50:47Z",
              "address":"Rua Comendador Jose de Almeida, Jardim Conceiçãozinha, Vicente de Carvalho, Guarujá, SP, 11495-011, Brasil"
           }
        ]
     },
     {
        "start_at":"2020-01-22T00:52:09Z",
        "end_at":"2020-01-22T01:59:55Z",
        "distance":10750,
        "speed_max":50.5596,
        "stops":6,
        "total_stop_time":1779,
        "stop_points":{
           "type":"MultiPoint",
           "crs":{
              "type":"name",
              "properties":{
                 "name":"EPSG:4326"
              }
           },
           "coordinates":[
              [
                 -46.265751,
                 -23.973013,
                 1579654329,
                 null,
                 null
              ],
              [
                 -46.289398,
                 -23.957893,
                 1579656543,
                 null,
                 null
              ],
              [
                 -46.291951,
                 -23.957307,
                 1579656761,
                 null,
                 null
              ],
              [
                 -46.289304,
                 -23.963274,
                 1579657581,
                 null,
                 null
              ],
              [
                 -46.288922,
                 -23.962984,
                 1579657976,
                 null,
                 null
              ],
              [
                 -46.27787,
                 -23.963164,
                 1579658395,
                 null,
                 null
              ]
           ]
        },
        "gps_count":64,
        "duration":4066,
        "speed_avg":9.5,
        "gps":[
           {
              "longitude":-46.265751,
              "latitude":-23.973013,
              "acquisition_time_unix":1579654329,
              "speed":0,
              "direction":0,
              "acquisition_time":"2020-01-22T00:52:09Z",
              "address":"Rua Comendador Jose de Almeida, Jardim Conceiçãozinha, Vicente de Carvalho, Guarujá, SP, 11495-011, Brasil"
           },
           {
              "longitude":-46.265655,
              "latitude":-23.972662,
              "acquisition_time_unix":1579654449,
              "speed":0,
              "direction":0,
              "acquisition_time":"2020-01-22T00:54:09Z"
           },
           {
              "longitude":-46.266123,
              "latitude":-23.971718,
              "acquisition_time_unix":1579654569,
              "speed":0,
              "direction":0,
              "acquisition_time":"2020-01-22T00:56:09Z"
           },
           {
              "longitude":-46.266167,
              "latitude":-23.971517,
              "acquisition_time_unix":1579654689,
              "speed":0,
              "direction":0,
              "acquisition_time":"2020-01-22T00:58:09Z"
           },
           {
              "longitude":-46.266171,
              "latitude":-23.971579,
              "acquisition_time_unix":1579654809,
              "speed":0,
              "direction":0,
              "acquisition_time":"2020-01-22T01:00:09Z"
           },
           {
              "longitude":-46.266023,
              "latitude":-23.971968,
              "acquisition_time_unix":1579654929,
              "speed":0,
              "direction":0,
              "acquisition_time":"2020-01-22T01:02:09Z"
           },
           {
              "longitude":-46.26582,
              "latitude":-23.972182,
              "acquisition_time_unix":1579655049,
              "speed":0,
              "direction":0,
              "acquisition_time":"2020-01-22T01:04:09Z"
           },
           {
              "longitude":-46.265875,
              "latitude":-23.972206,
              "acquisition_time_unix":1579655169,
              "speed":0,
              "direction":0,
              "acquisition_time":"2020-01-22T01:06:09Z"
           },
           {
              "longitude":-46.26587,
              "latitude":-23.97217,
              "acquisition_time_unix":1579655289,
              "speed":0,
              "direction":0,
              "acquisition_time":"2020-01-22T01:08:09Z"
           },
           {
              "longitude":-46.265602,
              "latitude":-23.97273,
              "acquisition_time_unix":1579655409,
              "speed":2.778,
              "direction":207.8,
              "acquisition_time":"2020-01-22T01:10:09Z"
           },
           {
              "longitude":-46.266519,
              "latitude":-23.973056,
              "acquisition_time_unix":1579655529,
              "speed":6.1116,
              "direction":266.2,
              "acquisition_time":"2020-01-22T01:12:09Z"
           },
           {
              "longitude":-46.269163,
              "latitude":-23.971882,
              "acquisition_time_unix":1579655649,
              "speed":7.408,
              "direction":349.4,
              "acquisition_time":"2020-01-22T01:14:09Z"
           },
           {
              "longitude":-46.269253,
              "latitude":-23.971572,
              "acquisition_time_unix":1579655662,
              "speed":11.112,
              "direction":7.7,
              "acquisition_time":"2020-01-22T01:14:22Z"
           },
           {
              "longitude":-46.268721,
              "latitude":-23.970477,
              "acquisition_time_unix":1579655699,
              "speed":28.335600000000003,
              "direction":53.6,
              "acquisition_time":"2020-01-22T01:14:59Z"
           },
           {
              "longitude":-46.260569,
              "latitude":-23.965983,
              "acquisition_time_unix":1579655793,
              "speed":27.2244,
              "direction":102.3,
              "acquisition_time":"2020-01-22T01:16:33Z"
           },
           {
              "longitude":-46.25998,
              "latitude":-23.965984,
              "acquisition_time_unix":1579655803,
              "speed":18.3348,
              "direction":40.7,
              "acquisition_time":"2020-01-22T01:16:43Z"
           },
           {
              "longitude":-46.260152,
              "latitude":-23.965719,
              "acquisition_time_unix":1579655810,
              "speed":22.224,
              "direction":287,
              "acquisition_time":"2020-01-22T01:16:50Z"
           },
           {
              "longitude":-46.27247,
              "latitude":-23.969373,
              "acquisition_time_unix":1579655919,
              "speed":38.3364,
              "direction":340.7,
              "acquisition_time":"2020-01-22T01:18:39Z"
           },
           {
              "longitude":-46.272407,
              "latitude":-23.968905,
              "acquisition_time_unix":1579655924,
              "speed":37.2252,
              "direction":29.5,
              "acquisition_time":"2020-01-22T01:18:44Z"
           },
           {
              "longitude":-46.271676,
              "latitude":-23.968416,
              "acquisition_time_unix":1579655933,
              "speed":41.299600000000005,
              "direction":79.9,
              "acquisition_time":"2020-01-22T01:18:53Z"
           },
           {
              "longitude":-46.270885,
              "latitude":-23.96866,
              "acquisition_time_unix":1579655940,
              "speed":47.9668,
              "direction":132.2,
              "acquisition_time":"2020-01-22T01:19:00Z"
           },
           {
              "longitude":-46.268148,
              "latitude":-23.975877,
              "acquisition_time_unix":1579656000,
              "speed":30.0024,
              "direction":188.4,
              "acquisition_time":"2020-01-22T01:20:00Z"
           },
           {
              "longitude":-46.268406,
              "latitude":-23.976193,
              "acquisition_time_unix":1579656005,
              "speed":35.0028,
              "direction":236.3,
              "acquisition_time":"2020-01-22T01:20:05Z"
           },
           {
              "longitude":-46.272417,
              "latitude":-23.977645,
              "acquisition_time_unix":1579656063,
              "speed":14.816,
              "direction":291.2,
              "acquisition_time":"2020-01-22T01:21:03Z"
           },
           {
              "longitude":-46.278443,
              "latitude":-23.970652,
              "acquisition_time_unix":1579656183,
              "speed":50.5596,
              "direction":323.2,
              "acquisition_time":"2020-01-22T01:23:03Z"
           },
           {
              "longitude":-46.2872,
              "latitude":-23.963773,
              "acquisition_time_unix":1579656303,
              "speed":39.818000000000005,
              "direction":289.7,
              "acquisition_time":"2020-01-22T01:25:03Z"
           },
           {
              "longitude":-46.287457,
              "latitude":-23.963486,
              "acquisition_time_unix":1579656307,
              "speed":37.2252,
              "direction":344.7,
              "acquisition_time":"2020-01-22T01:25:07Z"
           },
           {
              "longitude":-46.287383,
              "latitude":-23.963148,
              "acquisition_time_unix":1579656311,
              "speed":34.6324,
              "direction":34.1,
              "acquisition_time":"2020-01-22T01:25:11Z"
           },
           {
              "longitude":-46.28584,
              "latitude":-23.962056,
              "acquisition_time_unix":1579656337,
              "speed":20.1868,
              "direction":348,
              "acquisition_time":"2020-01-22T01:25:37Z"
           },
           {
              "longitude":-46.289117,
              "latitude":-23.958282,
              "acquisition_time_unix":1579656423,
              "speed":14.0752,
              "direction":300.7,
              "acquisition_time":"2020-01-22T01:27:03Z"
           },
           {
              "longitude":-46.289398,
              "latitude":-23.957893,
              "acquisition_time_unix":1579656543,
              "speed":0,
              "direction":0,
              "acquisition_time":"2020-01-22T01:29:03Z"
           },
           {
              "longitude":-46.290798,
              "latitude":-23.956716,
              "acquisition_time_unix":1579656641,
              "speed":20.001600000000003,
              "direction":253.2,
              "acquisition_time":"2020-01-22T01:30:41Z"
           },
           {
              "longitude":-46.291951,
              "latitude":-23.957307,
              "acquisition_time_unix":1579656761,
              "speed":0,
              "direction":0,
              "acquisition_time":"2020-01-22T01:32:41Z"
           },
           {
              "longitude":-46.291976,
              "latitude":-23.957314,
              "acquisition_time_unix":1579656881,
              "speed":0,
              "direction":0,
              "acquisition_time":"2020-01-22T01:34:41Z"
           },
           {
              "longitude":-46.291984,
              "latitude":-23.957318,
              "acquisition_time_unix":1579657002,
              "speed":0,
              "direction":0,
              "acquisition_time":"2020-01-22T01:36:42Z"
           },
           {
              "longitude":-46.292046,
              "latitude":-23.957474,
              "acquisition_time_unix":1579657122,
              "speed":13.5196,
              "direction":230.8,
              "acquisition_time":"2020-01-22T01:38:42Z"
           },
           {
              "longitude":-46.292367,
              "latitude":-23.957521,
              "acquisition_time_unix":1579657131,
              "speed":16.668,
              "direction":303.3,
              "acquisition_time":"2020-01-22T01:38:51Z"
           },
           {
              "longitude":-46.292795,
              "latitude":-23.957256,
              "acquisition_time_unix":1579657143,
              "speed":16.297600000000003,
              "direction":248,
              "acquisition_time":"2020-01-22T01:39:03Z"
           },
           {
              "longitude":-46.294795,
              "latitude":-23.959063,
              "acquisition_time_unix":1579657199,
              "speed":19.260800000000003,
              "direction":198.3,
              "acquisition_time":"2020-01-22T01:39:59Z"
           },
           {
              "longitude":-46.294736,
              "latitude":-23.959245,
              "acquisition_time_unix":1579657203,
              "speed":21.853600000000004,
              "direction":148.3,
              "acquisition_time":"2020-01-22T01:40:03Z"
           },
           {
              "longitude":-46.291585,
              "latitude":-23.96232,
              "acquisition_time_unix":1579657275,
              "speed":17.0384,
              "direction":89.6,
              "acquisition_time":"2020-01-22T01:41:15Z"
           },
           {
              "longitude":-46.291378,
              "latitude":-23.96216,
              "acquisition_time_unix":1579657280,
              "speed":22.224,
              "direction":41.6,
              "acquisition_time":"2020-01-22T01:41:20Z"
           },
           {
              "longitude":-46.290825,
              "latitude":-23.961751,
              "acquisition_time_unix":1579657294,
              "speed":20.9276,
              "direction":89.6,
              "acquisition_time":"2020-01-22T01:41:34Z"
           },
           {
              "longitude":-46.290442,
              "latitude":-23.961968,
              "acquisition_time_unix":1579657301,
              "speed":25.002000000000002,
              "direction":138.5,
              "acquisition_time":"2020-01-22T01:41:41Z"
           },
           {
              "longitude":-46.289518,
              "latitude":-23.962884,
              "acquisition_time_unix":1579657421,
              "speed":7.5931999999999995,
              "direction":139.4,
              "acquisition_time":"2020-01-22T01:43:41Z"
           },
           {
              "longitude":-46.289226,
              "latitude":-23.963266,
              "acquisition_time_unix":1579657440,
              "speed":9.4452,
              "direction":193.9,
              "acquisition_time":"2020-01-22T01:44:00Z"
           },
           {
              "longitude":-46.289218,
              "latitude":-23.963589,
              "acquisition_time_unix":1579657452,
              "speed":10.3712,
              "direction":142.2,
              "acquisition_time":"2020-01-22T01:44:12Z"
           },
           {
              "longitude":-46.289113,
              "latitude":-23.963622,
              "acquisition_time_unix":1579657456,
              "speed":11.852800000000002,
              "direction":91.2,
              "acquisition_time":"2020-01-22T01:44:16Z"
           },
           {
              "longitude":-46.289008,
              "latitude":-23.963556,
              "acquisition_time_unix":1579657461,
              "speed":10.926800000000002,
              "direction":42.8,
              "acquisition_time":"2020-01-22T01:44:21Z"
           },
           {
              "longitude":-46.289304,
              "latitude":-23.963274,
              "acquisition_time_unix":1579657581,
              "speed":0,
              "direction":0,
              "acquisition_time":"2020-01-22T01:46:21Z"
           },
           {
              "longitude":-46.290801,
              "latitude":-23.961717,
              "acquisition_time_unix":1579657701,
              "speed":2.2224,
              "direction":305.7,
              "acquisition_time":"2020-01-22T01:48:21Z"
           },
           {
              "longitude":-46.291018,
              "latitude":-23.96165,
              "acquisition_time_unix":1579657718,
              "speed":14.6308,
              "direction":276.9,
              "acquisition_time":"2020-01-22T01:48:38Z"
           },
           {
              "longitude":-46.291402,
              "latitude":-23.961462,
              "acquisition_time_unix":1579657727,
              "speed":17.9644,
              "direction":325.8,
              "acquisition_time":"2020-01-22T01:48:47Z"
           },
           {
              "longitude":-46.29152,
              "latitude":-23.961388,
              "acquisition_time_unix":1579657731,
              "speed":14.4456,
              "direction":266,
              "acquisition_time":"2020-01-22T01:48:51Z"
           },
           {
              "longitude":-46.291529,
              "latitude":-23.961467,
              "acquisition_time_unix":1579657735,
              "speed":12.4084,
              "direction":156.8,
              "acquisition_time":"2020-01-22T01:48:55Z"
           },
           {
              "longitude":-46.290671,
              "latitude":-23.961541,
              "acquisition_time_unix":1579657849,
              "speed":18.3348,
              "direction":71.1,
              "acquisition_time":"2020-01-22T01:50:49Z"
           },
           {
              "longitude":-46.288922,
              "latitude":-23.962984,
              "acquisition_time_unix":1579657976,
              "speed":0,
              "direction":0,
              "acquisition_time":"2020-01-22T01:52:56Z"
           },
           {
              "longitude":-46.288543,
              "latitude":-23.963295,
              "acquisition_time_unix":1579658096,
              "speed":21.853600000000004,
              "direction":118.5,
              "acquisition_time":"2020-01-22T01:54:56Z"
           },
           {
              "longitude":-46.286894,
              "latitude":-23.963896,
              "acquisition_time_unix":1579658130,
              "speed":30.372799999999998,
              "direction":75.4,
              "acquisition_time":"2020-01-22T01:55:30Z"
           },
           {
              "longitude":-46.284385,
              "latitude":-23.963561,
              "acquisition_time_unix":1579658185,
              "speed":9.4452,
              "direction":137.2,
              "acquisition_time":"2020-01-22T01:56:25Z"
           },
           {
              "longitude":-46.283118,
              "latitude":-23.964922,
              "acquisition_time_unix":1579658254,
              "speed":10.3712,
              "direction":75.7,
              "acquisition_time":"2020-01-22T01:57:34Z"
           },
           {
              "longitude":-46.282956,
              "latitude":-23.964735,
              "acquisition_time_unix":1579658263,
              "speed":9.8156,
              "direction":16.7,
              "acquisition_time":"2020-01-22T01:57:43Z"
           },
           {
              "longitude":-46.28261,
              "latitude":-23.96446,
              "acquisition_time_unix":1579658274,
              "speed":19.446,
              "direction":64.3,
              "acquisition_time":"2020-01-22T01:57:54Z"
           },
           {
              "longitude":-46.27787,
              "latitude":-23.963164,
              "acquisition_time_unix":1579658395,
              "speed":0,
              "direction":0,
              "acquisition_time":"2020-01-22T01:59:55Z",
              "address":"Rua Idalino Pines, Jardim Boa Esperança, Vicente de Carvalho, Guarujá, SP, 11460-006, Brasil"
           }
        ]
     }
  ],
  "vehicle":{
     "plate":"BPZ4295",
     "vin":"34405892075660",
     "color":"#FFEB3B",
     "picture":{
        "address":"https://s3.amazonaws.com/softruck.fleetview/production/picture/c571fb1e-3906-4ee3-b4c4-7be9ad031d33_Semtítulo.png"
     }
  }
}